INSERT INTO parks (
    id, name, latitude, longitude, primary_tag, description,
    running_score, picnic_score, quiet_score, night_score, family_score, recommendation
) VALUES
    ('gangseo', '강서한강공원', 37.5800000, 126.8197000, 'QUIET', '강서습지생태공원과 가족피크닉장을 중심으로 자연 관찰과 한적한 휴식을 즐기기 좋은 공원이다.', 4, 4, 5, 2, 4, '습지 생태와 피크닉을 함께 즐기기 좋은 한적한 공원'),
    ('yanghwa', '양화한강공원', 37.5403000, 126.8999000, 'RUNNING', '넓은 잔디밭과 장미길, 자전거도로가 이어져 러닝과 산책을 함께 즐기기 좋은 공원이다.', 5, 4, 3, 4, 4, '장미길과 강변 자전거도로를 따라 달리기 좋은 공원'),
    ('mangwon', '망원한강공원', 37.5502000, 126.9022000, 'PICNIC', '넓은 잔디밭과 산책로가 잘 정리되어 있어 도심에서 가볍게 머물며 쉬기 좋은 공원이다.', 4, 5, 3, 3, 4, '넓은 잔디에서 돗자리 피크닉을 즐기기 좋은 공원'),
    ('nanji', '난지한강공원', 37.5664000, 126.8769000, 'FAMILY', '거울분수와 물놀이장, 캠핑장과 연결 동선이 좋아 가족 단위로 오래 머물기 좋은 공원이다.', 3, 5, 3, 4, 5, '거울분수와 넓은 잔디를 중심으로 가족 나들이에 잘 맞는 공원'),
    ('yeouido', '여의도한강공원', 37.5257000, 126.9361000, 'PICNIC', '넓은 잔디광장과 물빛무대, 샛강 생태공원까지 이어져 머물 거리와 볼거리가 풍부한 대표 공원이다.', 4, 5, 2, 4, 5, '잔디광장과 물빛무대를 중심으로 처음 가기 좋은 대표 한강공원'),
    ('banpo', '반포한강공원', 37.5089000, 126.9939000, 'NIGHT', '달빛무지개분수와 서래섬, 전망카페가 이어져 저녁 산책과 야경 감상에 강한 공원이다.', 4, 4, 2, 5, 4, '달빛무지개분수와 서래섬 산책을 함께 즐기기 좋은 공원'),
    ('ichon', '이촌한강공원', 37.5185000, 126.9674000, 'RUNNING', '갈대와 억새가 이어지는 산책로와 자연학습장이 있어 조깅과 가족 산책에 모두 잘 맞는 공원이다.', 5, 4, 4, 3, 4, '갈대길을 따라 산책과 조깅을 즐기기 좋은 공원'),
    ('ttukseom', '뚝섬한강공원', 37.5298000, 127.0681000, 'RUNNING', '수변무대와 음악분수, 수영장과 자전거 접근성이 좋아 활동적인 한강 이용에 잘 맞는 공원이다.', 5, 4, 2, 4, 4, '수변무대와 자전거 동선을 중심으로 활동적으로 즐기기 좋은 공원'),
    ('jamwon', '잠원한강공원', 37.5251000, 127.0160000, 'RUNNING', '자전거도로와 육상연습장, 수영장과 테니스장까지 갖춰 운동 목적 방문에 강한 공원이다.', 5, 3, 4, 3, 4, '강남권에서 자전거와 러닝 동선을 길게 즐기기 좋은 공원'),
    ('jamsil', '잠실한강공원', 37.5176000, 127.0843000, 'FAMILY', '자연형 물놀이장과 자연학습장, 잠실어도가 있어 아이와 함께 반나절 머물기 좋은 공원이다.', 4, 5, 3, 3, 5, '자연형 물놀이장과 자연학습장을 함께 즐기기 좋은 가족 공원'),
    ('gwangnaru', '광나루한강공원', 37.5409000, 127.1157000, 'QUIET', '갈대군락과 생태경관 보전지역이 이어져 자연 풍경을 조용히 즐기기 좋은 상류권 공원이다.', 4, 4, 5, 3, 4, '갈대밭과 생태경관을 느끼며 조용히 머물기 좋은 공원');

INSERT INTO park_tags (park_id, tag) VALUES
    ('gangseo', 'QUIET'),
    ('gangseo', 'PICNIC'),
    ('gangseo', 'FAMILY'),
    ('yanghwa', 'RUNNING'),
    ('yanghwa', 'PICNIC'),
    ('yanghwa', 'NIGHT'),
    ('mangwon', 'PICNIC'),
    ('mangwon', 'FAMILY'),
    ('mangwon', 'RUNNING'),
    ('nanji', 'FAMILY'),
    ('nanji', 'PICNIC'),
    ('nanji', 'NIGHT'),
    ('yeouido', 'PICNIC'),
    ('yeouido', 'FAMILY'),
    ('yeouido', 'NIGHT'),
    ('banpo', 'NIGHT'),
    ('banpo', 'PICNIC'),
    ('banpo', 'RUNNING'),
    ('ichon', 'RUNNING'),
    ('ichon', 'QUIET'),
    ('ichon', 'FAMILY'),
    ('ttukseom', 'RUNNING'),
    ('ttukseom', 'NIGHT'),
    ('ttukseom', 'PICNIC'),
    ('jamwon', 'RUNNING'),
    ('jamwon', 'QUIET'),
    ('jamwon', 'FAMILY'),
    ('jamsil', 'FAMILY'),
    ('jamsil', 'PICNIC'),
    ('jamsil', 'RUNNING'),
    ('gwangnaru', 'QUIET'),
    ('gwangnaru', 'PICNIC'),
    ('gwangnaru', 'RUNNING');

INSERT INTO park_amenities (park_id, amenity_type) VALUES
    ('gangseo', 'PARKING'),
    ('gangseo', 'RESTROOM'),
    ('gangseo', 'CONVENIENCE_STORE'),
    ('gangseo', 'PLAYGROUND'),
    ('gangseo', 'SPORTS_FACILITY'),
    ('yanghwa', 'PARKING'),
    ('yanghwa', 'RESTROOM'),
    ('yanghwa', 'CONVENIENCE_STORE'),
    ('yanghwa', 'RENTAL_BIKE'),
    ('yanghwa', 'PLAYGROUND'),
    ('yanghwa', 'SPORTS_FACILITY'),
    ('mangwon', 'PARKING'),
    ('mangwon', 'RESTROOM'),
    ('mangwon', 'CONVENIENCE_STORE'),
    ('mangwon', 'PLAYGROUND'),
    ('nanji', 'PARKING'),
    ('nanji', 'RESTROOM'),
    ('nanji', 'CONVENIENCE_STORE'),
    ('nanji', 'PLAYGROUND'),
    ('nanji', 'CAFE'),
    ('yeouido', 'PARKING'),
    ('yeouido', 'RESTROOM'),
    ('yeouido', 'CONVENIENCE_STORE'),
    ('yeouido', 'CAFE'),
    ('yeouido', 'RENTAL_BIKE'),
    ('yeouido', 'PLAYGROUND'),
    ('banpo', 'PARKING'),
    ('banpo', 'RESTROOM'),
    ('banpo', 'CONVENIENCE_STORE'),
    ('banpo', 'CAFE'),
    ('banpo', 'RENTAL_BIKE'),
    ('banpo', 'SPORTS_FACILITY'),
    ('ichon', 'PARKING'),
    ('ichon', 'RESTROOM'),
    ('ichon', 'CONVENIENCE_STORE'),
    ('ichon', 'PLAYGROUND'),
    ('ichon', 'SPORTS_FACILITY'),
    ('ttukseom', 'PARKING'),
    ('ttukseom', 'RESTROOM'),
    ('ttukseom', 'CONVENIENCE_STORE'),
    ('ttukseom', 'CAFE'),
    ('ttukseom', 'RENTAL_BIKE'),
    ('ttukseom', 'PLAYGROUND'),
    ('ttukseom', 'SPORTS_FACILITY'),
    ('jamwon', 'PARKING'),
    ('jamwon', 'RESTROOM'),
    ('jamwon', 'CONVENIENCE_STORE'),
    ('jamwon', 'PLAYGROUND'),
    ('jamwon', 'RENTAL_BIKE'),
    ('jamwon', 'SPORTS_FACILITY'),
    ('jamsil', 'PARKING'),
    ('jamsil', 'RESTROOM'),
    ('jamsil', 'CONVENIENCE_STORE'),
    ('jamsil', 'PLAYGROUND'),
    ('jamsil', 'RENTAL_BIKE'),
    ('jamsil', 'SPORTS_FACILITY'),
    ('gwangnaru', 'PARKING'),
    ('gwangnaru', 'RESTROOM'),
    ('gwangnaru', 'CONVENIENCE_STORE'),
    ('gwangnaru', 'PLAYGROUND'),
    ('gwangnaru', 'SPORTS_FACILITY');
